Entity;Code;Year;Corruption Perceptions Index;World regions according to OWID
Afghanistan;AFG;2012;8;
Albania;ALB;2012;33;
Algeria;DZA;2012;34;
Angola;AGO;2012;22;
Argentina;ARG;2012;35;
Armenia;ARM;2012;34;
Australia;AUS;2012;85;
Austria;AUT;2012;69;
Azerbaijan;AZE;2012;27;
Bahamas;BHS;2012;71;
Bahrain;BHR;2012;51;
Bangladesh;BGD;2012;26;
Barbados;BRB;2012;76;
Belarus;BLR;2012;31;
Belgium;BEL;2012;75;
Benin;BEN;2012;36;
Bhutan;BTN;2012;63;
Bolivia;BOL;2012;34;
Bosnia and Herzegovina;BIH;2012;42;
Botswana;BWA;2012;65;
Brazil;BRA;2012;43;
Brunei;BRN;2012;55;
Bulgaria;BGR;2012;41;
Burkina Faso;BFA;2012;38;
Burundi;BDI;2012;19;
Cambodia;KHM;2012;22;
Cameroon;CMR;2012;26;
Canada;CAN;2012;84;
Cape Verde;CPV;2012;60;
Central African Republic;CAF;2012;26;
Chad;TCD;2012;19;
Chile;CHL;2012;72;
China;CHN;2012;39;
Colombia;COL;2012;36;
Comoros;COM;2012;28;
Congo;COG;2012;26;
Costa Rica;CRI;2012;54;
Cote d'Ivoire;CIV;2012;29;
Croatia;HRV;2012;46;
Cuba;CUB;2012;48;
Cyprus;CYP;2012;66;
Czechia;CZE;2012;49;
Democratic Republic of Congo;COD;2012;21;
Denmark;DNK;2012;90;
Djibouti;DJI;2012;36;
Dominica;DMA;2012;58;
Dominican Republic;DOM;2012;32;
East Timor;TLS;2012;33;
Ecuador;ECU;2012;32;
Egypt;EGY;2012;32;
El Salvador;SLV;2012;38;
Equatorial Guinea;GNQ;2012;20;
Eritrea;ERI;2012;25;
Estonia;EST;2012;64;
Eswatini;SWZ;2012;37;
Ethiopia;ETH;2012;33;
Finland;FIN;2012;90;
France;FRA;2012;71;
Gabon;GAB;2012;35;
Gambia;GMB;2012;34;
Georgia;GEO;2012;52;
Germany;DEU;2012;79;
Ghana;GHA;2012;45;
Greece;GRC;2012;36;
Guatemala;GTM;2012;33;
Guinea;GIN;2012;24;
Guinea-Bissau;GNB;2012;25;
Guyana;GUY;2012;28;
Haiti;HTI;2012;19;
Honduras;HND;2012;28;
Hong Kong;HKG;2012;77;
Hungary;HUN;2012;55;
Iceland;ISL;2012;82;
India;IND;2012;36;
Indonesia;IDN;2012;32;
Iran;IRN;2012;28;
Iraq;IRQ;2012;18;
Ireland;IRL;2012;69;
Israel;ISR;2012;60;
Italy;ITA;2012;42;
Jamaica;JAM;2012;38;
Japan;JPN;2012;74;
Jordan;JOR;2012;48;
Kazakhstan;KAZ;2012;28;
Kenya;KEN;2012;27;
Kosovo;OWID_KOS;2012;34;
Kuwait;KWT;2012;44;
Kyrgyzstan;KGZ;2012;24;
Laos;LAO;2012;21;
Latvia;LVA;2012;49;
Lebanon;LBN;2012;30;
Lesotho;LSO;2012;45;
Liberia;LBR;2012;41;
Libya;LBY;2012;21;
Lithuania;LTU;2012;54;
Luxembourg;LUX;2012;80;
Madagascar;MDG;2012;32;
Malawi;MWI;2012;37;
Malaysia;MYS;2012;49;
Mali;MLI;2012;34;
Malta;MLT;2012;57;
Mauritania;MRT;2012;31;
Mauritius;MUS;2012;57;
Mexico;MEX;2012;34;
Moldova;MDA;2012;36;
Mongolia;MNG;2012;36;
Montenegro;MNE;2012;41;
Morocco;MAR;2012;37;
Mozambique;MOZ;2012;31;
Myanmar;MMR;2012;15;
Namibia;NAM;2012;48;
Nepal;NPL;2012;27;
Netherlands;NLD;2012;84;
New Zealand;NZL;2012;90;
Nicaragua;NIC;2012;29;
Niger;NER;2012;33;
Nigeria;NGA;2012;27;
North Korea;PRK;2012;8;
North Macedonia;MKD;2012;43;
Norway;NOR;2012;85;
Oman;OMN;2012;47;
Pakistan;PAK;2012;27;
Panama;PAN;2012;38;
Papua New Guinea;PNG;2012;25;
Paraguay;PRY;2012;25;
Peru;PER;2012;38;
Philippines;PHL;2012;34;
Poland;POL;2012;58;
Portugal;PRT;2012;63;
Puerto Rico;PRI;2012;63;
Qatar;QAT;2012;68;
Romania;ROU;2012;44;
Russia;RUS;2012;28;
Rwanda;RWA;2012;53;
Saint Lucia;LCA;2012;71;
Saint Vincent and the Grenadines;VCT;2012;62;
Sao Tome and Principe;STP;2012;42;
Saudi Arabia;SAU;2012;44;
Senegal;SEN;2012;36;
Serbia;SRB;2012;39;
Seychelles;SYC;2012;52;
Sierra Leone;SLE;2012;31;
Singapore;SGP;2012;87;
Slovakia;SVK;2012;46;
Slovenia;SVN;2012;61;
Somalia;SOM;2012;8;
South Africa;ZAF;2012;43;
South Korea;KOR;2012;56;
Spain;ESP;2012;65;
Sri Lanka;LKA;2012;40;
Sudan;SDN;2012;13;
Suriname;SUR;2012;37;
Sweden;SWE;2012;88;
Switzerland;CHE;2012;86;
Syria;SYR;2012;26;
Taiwan;TWN;2012;61;
Tajikistan;TJK;2012;22;
Tanzania;TZA;2012;35;
Thailand;THA;2012;37;
Togo;TGO;2012;30;
Trinidad and Tobago;TTO;2012;39;
Tunisia;TUN;2012;41;
Turkey;TUR;2012;49;
Turkmenistan;TKM;2012;17;
Uganda;UGA;2012;29;
Ukraine;UKR;2012;26;
United Arab Emirates;ARE;2012;68;
United Kingdom;GBR;2012;74;
United States;USA;2012;73;
Uruguay;URY;2012;72;
Uzbekistan;UZB;2012;17;
Venezuela;VEN;2012;19;
Vietnam;VNM;2012;31;
Yemen;YEM;2012;23;
Zambia;ZMB;2012;37;
Zimbabwe;ZWE;2012;20;
Afghanistan;AFG;2013;8;
Albania;ALB;2013;31;
Algeria;DZA;2013;36;
Angola;AGO;2013;23;
Argentina;ARG;2013;34;
Armenia;ARM;2013;36;
Australia;AUS;2013;81;
Austria;AUT;2013;69;
Azerbaijan;AZE;2013;28;
Bahamas;BHS;2013;71;
Bahrain;BHR;2013;48;
Bangladesh;BGD;2013;27;
Barbados;BRB;2013;75;
Belarus;BLR;2013;29;
Belgium;BEL;2013;75;
Benin;BEN;2013;36;
Bhutan;BTN;2013;63;
Bolivia;BOL;2013;34;
Bosnia and Herzegovina;BIH;2013;42;
Botswana;BWA;2013;64;
Brazil;BRA;2013;42;
Brunei;BRN;2013;60;
Bulgaria;BGR;2013;41;
Burkina Faso;BFA;2013;38;
Burundi;BDI;2013;21;
Cambodia;KHM;2013;20;
Cameroon;CMR;2013;25;
Canada;CAN;2013;81;
Cape Verde;CPV;2013;58;
Central African Republic;CAF;2013;25;
Chad;TCD;2013;19;
Chile;CHL;2013;71;
China;CHN;2013;40;
Colombia;COL;2013;36;
Comoros;COM;2013;28;
Congo;COG;2013;22;
Costa Rica;CRI;2013;53;
Cote d'Ivoire;CIV;2013;27;
Croatia;HRV;2013;48;
Cuba;CUB;2013;46;
Cyprus;CYP;2013;63;
Czechia;CZE;2013;48;
Democratic Republic of Congo;COD;2013;22;
Denmark;DNK;2013;91;
Djibouti;DJI;2013;36;
Dominica;DMA;2013;58;
Dominican Republic;DOM;2013;29;
East Timor;TLS;2013;30;
Ecuador;ECU;2013;35;
Egypt;EGY;2013;32;
El Salvador;SLV;2013;38;
Equatorial Guinea;GNQ;2013;19;
Eritrea;ERI;2013;20;
Estonia;EST;2013;68;
Eswatini;SWZ;2013;39;
Ethiopia;ETH;2013;33;
Finland;FIN;2013;89;
France;FRA;2013;71;
Gabon;GAB;2013;34;
Gambia;GMB;2013;28;
Georgia;GEO;2013;49;
Germany;DEU;2013;78;
Ghana;GHA;2013;46;
Greece;GRC;2013;40;
Guatemala;GTM;2013;29;
Guinea;GIN;2013;24;
Guinea-Bissau;GNB;2013;19;
Guyana;GUY;2013;27;
Haiti;HTI;2013;19;
Honduras;HND;2013;26;
Hong Kong;HKG;2013;75;
Hungary;HUN;2013;54;
Iceland;ISL;2013;78;
India;IND;2013;36;
Indonesia;IDN;2013;32;
Iran;IRN;2013;25;
Iraq;IRQ;2013;16;
Ireland;IRL;2013;72;
Israel;ISR;2013;61;
Italy;ITA;2013;43;
Jamaica;JAM;2013;38;
Japan;JPN;2013;74;
Jordan;JOR;2013;45;
Kazakhstan;KAZ;2013;26;
Kenya;KEN;2013;27;
Kosovo;OWID_KOS;2013;33;
Kuwait;KWT;2013;43;
Kyrgyzstan;KGZ;2013;24;
Laos;LAO;2013;26;
Latvia;LVA;2013;53;
Lebanon;LBN;2013;28;
Lesotho;LSO;2013;49;
Liberia;LBR;2013;38;
Libya;LBY;2013;15;
Lithuania;LTU;2013;57;
Luxembourg;LUX;2013;80;
Madagascar;MDG;2013;28;
Malawi;MWI;2013;37;
Malaysia;MYS;2013;50;
Mali;MLI;2013;28;
Malta;MLT;2013;56;
Mauritania;MRT;2013;30;
Mauritius;MUS;2013;52;
Mexico;MEX;2013;34;
Moldova;MDA;2013;35;
Mongolia;MNG;2013;38;
Montenegro;MNE;2013;44;
Morocco;MAR;2013;37;
Mozambique;MOZ;2013;30;
Myanmar;MMR;2013;21;
Namibia;NAM;2013;48;
Nepal;NPL;2013;31;
Netherlands;NLD;2013;83;
New Zealand;NZL;2013;91;
Nicaragua;NIC;2013;28;
Niger;NER;2013;34;
Nigeria;NGA;2013;25;
North Korea;PRK;2013;8;
North Macedonia;MKD;2013;44;
Norway;NOR;2013;86;
Oman;OMN;2013;47;
Pakistan;PAK;2013;28;
Panama;PAN;2013;35;
Papua New Guinea;PNG;2013;25;
Paraguay;PRY;2013;24;
Peru;PER;2013;38;
Philippines;PHL;2013;36;
Poland;POL;2013;60;
Portugal;PRT;2013;62;
Puerto Rico;PRI;2013;62;
Qatar;QAT;2013;68;
Romania;ROU;2013;43;
Russia;RUS;2013;28;
Rwanda;RWA;2013;53;
Saint Lucia;LCA;2013;71;
Saint Vincent and the Grenadines;VCT;2013;62;
Sao Tome and Principe;STP;2013;42;
Saudi Arabia;SAU;2013;46;
Senegal;SEN;2013;41;
Serbia;SRB;2013;42;
Seychelles;SYC;2013;54;
Sierra Leone;SLE;2013;30;
Singapore;SGP;2013;86;
Slovakia;SVK;2013;47;
Slovenia;SVN;2013;57;
Somalia;SOM;2013;8;
South Africa;ZAF;2013;42;
South Korea;KOR;2013;55;
South Sudan;SSD;2013;14;
Spain;ESP;2013;59;
Sri Lanka;LKA;2013;37;
Sudan;SDN;2013;11;
Suriname;SUR;2013;36;
Sweden;SWE;2013;89;
Switzerland;CHE;2013;85;
Syria;SYR;2013;17;
Taiwan;TWN;2013;61;
Tajikistan;TJK;2013;22;
Tanzania;TZA;2013;33;
Thailand;THA;2013;35;
Togo;TGO;2013;29;
Trinidad and Tobago;TTO;2013;38;
Tunisia;TUN;2013;41;
Turkey;TUR;2013;50;
Turkmenistan;TKM;2013;17;
Uganda;UGA;2013;26;
Ukraine;UKR;2013;25;
United Arab Emirates;ARE;2013;69;
United Kingdom;GBR;2013;76;
United States;USA;2013;73;
Uruguay;URY;2013;73;
Uzbekistan;UZB;2013;17;
Venezuela;VEN;2013;20;
Vietnam;VNM;2013;31;
Yemen;YEM;2013;18;
Zambia;ZMB;2013;38;
Zimbabwe;ZWE;2013;21;
Afghanistan;AFG;2014;12;
Albania;ALB;2014;33;
Algeria;DZA;2014;36;
Angola;AGO;2014;19;
Argentina;ARG;2014;34;
Armenia;ARM;2014;37;
Australia;AUS;2014;80;
Austria;AUT;2014;72;
Azerbaijan;AZE;2014;29;
Bahamas;BHS;2014;71;
Bahrain;BHR;2014;49;
Bangladesh;BGD;2014;25;
Barbados;BRB;2014;74;
Belarus;BLR;2014;31;
Belgium;BEL;2014;76;
Benin;BEN;2014;39;
Bhutan;BTN;2014;65;
Bolivia;BOL;2014;35;
Bosnia and Herzegovina;BIH;2014;39;
Botswana;BWA;2014;63;
Brazil;BRA;2014;43;
Bulgaria;BGR;2014;43;
Burkina Faso;BFA;2014;38;
Burundi;BDI;2014;20;
Cambodia;KHM;2014;21;
Cameroon;CMR;2014;27;
Canada;CAN;2014;81;
Cape Verde;CPV;2014;57;
Central African Republic;CAF;2014;24;
Chad;TCD;2014;22;
Chile;CHL;2014;73;
China;CHN;2014;36;
Colombia;COL;2014;37;
Comoros;COM;2014;26;
Congo;COG;2014;23;
Costa Rica;CRI;2014;54;
Cote d'Ivoire;CIV;2014;32;
Croatia;HRV;2014;48;
Cuba;CUB;2014;46;
Cyprus;CYP;2014;63;
Czechia;CZE;2014;51;
Democratic Republic of Congo;COD;2014;22;
Denmark;DNK;2014;92;
Djibouti;DJI;2014;34;
Dominica;DMA;2014;58;
Dominican Republic;DOM;2014;32;
East Timor;TLS;2014;28;
Ecuador;ECU;2014;33;
Egypt;EGY;2014;37;
El Salvador;SLV;2014;39;
Eritrea;ERI;2014;18;
Estonia;EST;2014;69;
Eswatini;SWZ;2014;43;
Ethiopia;ETH;2014;33;
Finland;FIN;2014;89;
France;FRA;2014;69;
Gabon;GAB;2014;37;
Gambia;GMB;2014;29;
Georgia;GEO;2014;52;
Germany;DEU;2014;79;
Ghana;GHA;2014;48;
Greece;GRC;2014;43;
Guatemala;GTM;2014;32;
Guinea;GIN;2014;25;
Guinea-Bissau;GNB;2014;19;
Guyana;GUY;2014;30;
Haiti;HTI;2014;19;
Honduras;HND;2014;29;
Hong Kong;HKG;2014;74;
Hungary;HUN;2014;54;
Iceland;ISL;2014;79;
India;IND;2014;38;
Indonesia;IDN;2014;34;
Iran;IRN;2014;27;
Iraq;IRQ;2014;16;
Ireland;IRL;2014;74;
Israel;ISR;2014;60;
Italy;ITA;2014;43;
Jamaica;JAM;2014;38;
Japan;JPN;2014;76;
Jordan;JOR;2014;49;
Kazakhstan;KAZ;2014;29;
Kenya;KEN;2014;25;
Kosovo;OWID_KOS;2014;33;
Kuwait;KWT;2014;44;
Kyrgyzstan;KGZ;2014;27;
Laos;LAO;2014;25;
Latvia;LVA;2014;55;
Lebanon;LBN;2014;27;
Lesotho;LSO;2014;49;
Liberia;LBR;2014;37;
Libya;LBY;2014;18;
Lithuania;LTU;2014;58;
Luxembourg;LUX;2014;82;
Madagascar;MDG;2014;28;
Malawi;MWI;2014;33;
Malaysia;MYS;2014;52;
Mali;MLI;2014;32;
Malta;MLT;2014;55;
Mauritania;MRT;2014;30;
Mauritius;MUS;2014;54;
Mexico;MEX;2014;35;
Moldova;MDA;2014;35;
Mongolia;MNG;2014;39;
Montenegro;MNE;2014;42;
Morocco;MAR;2014;39;
Mozambique;MOZ;2014;31;
Myanmar;MMR;2014;21;
Namibia;NAM;2014;49;
Nepal;NPL;2014;29;
Netherlands;NLD;2014;83;
New Zealand;NZL;2014;91;
Nicaragua;NIC;2014;28;
Niger;NER;2014;35;
Nigeria;NGA;2014;27;
North Korea;PRK;2014;8;
North Macedonia;MKD;2014;45;
Norway;NOR;2014;86;
Oman;OMN;2014;45;
Pakistan;PAK;2014;29;
Panama;PAN;2014;37;
Papua New Guinea;PNG;2014;25;
Paraguay;PRY;2014;24;
Peru;PER;2014;38;
Philippines;PHL;2014;38;
Poland;POL;2014;61;
Portugal;PRT;2014;63;
Puerto Rico;PRI;2014;63;
Qatar;QAT;2014;69;
Romania;ROU;2014;43;
Russia;RUS;2014;27;
Rwanda;RWA;2014;49;
Saint Lucia;LCA;2014;71;
Saint Vincent and the Grenadines;VCT;2014;62;
Sao Tome and Principe;STP;2014;42;
Saudi Arabia;SAU;2014;49;
Senegal;SEN;2014;43;
Serbia;SRB;2014;41;
Seychelles;SYC;2014;55;
Sierra Leone;SLE;2014;31;
Singapore;SGP;2014;84;
Slovakia;SVK;2014;50;
Slovenia;SVN;2014;58;
Somalia;SOM;2014;8;
South Africa;ZAF;2014;44;
South Korea;KOR;2014;55;
South Sudan;SSD;2014;15;
Spain;ESP;2014;60;
Sri Lanka;LKA;2014;38;
Sudan;SDN;2014;11;
Suriname;SUR;2014;36;
Sweden;SWE;2014;87;
Switzerland;CHE;2014;86;
Syria;SYR;2014;20;
Taiwan;TWN;2014;61;
Tajikistan;TJK;2014;23;
Tanzania;TZA;2014;31;
Thailand;THA;2014;38;
Togo;TGO;2014;29;
Trinidad and Tobago;TTO;2014;38;
Tunisia;TUN;2014;40;
Turkey;TUR;2014;45;
Turkmenistan;TKM;2014;17;
Uganda;UGA;2014;26;
Ukraine;UKR;2014;26;
United Arab Emirates;ARE;2014;70;
United Kingdom;GBR;2014;78;
United States;USA;2014;74;
Uruguay;URY;2014;73;
Uzbekistan;UZB;2014;18;
Venezuela;VEN;2014;19;
Vietnam;VNM;2014;31;
Yemen;YEM;2014;19;
Zambia;ZMB;2014;38;
Zimbabwe;ZWE;2014;21;
Afghanistan;AFG;2015;11;
Albania;ALB;2015;36;
Algeria;DZA;2015;36;
Angola;AGO;2015;15;
Argentina;ARG;2015;32;
Armenia;ARM;2015;35;
Australia;AUS;2015;79;
Austria;AUT;2015;76;
Azerbaijan;AZE;2015;29;
Bahrain;BHR;2015;51;
Bangladesh;BGD;2015;25;
Belarus;BLR;2015;32;
Belgium;BEL;2015;77;
Benin;BEN;2015;37;
Bhutan;BTN;2015;65;
Bolivia;BOL;2015;34;
Bosnia and Herzegovina;BIH;2015;38;
Botswana;BWA;2015;63;
Brazil;BRA;2015;38;
Bulgaria;BGR;2015;41;
Burkina Faso;BFA;2015;38;
Burundi;BDI;2015;21;
Cambodia;KHM;2015;21;
Cameroon;CMR;2015;27;
Canada;CAN;2015;83;
Cape Verde;CPV;2015;55;
Central African Republic;CAF;2015;24;
Chad;TCD;2015;22;
Chile;CHL;2015;70;
China;CHN;2015;37;
Colombia;COL;2015;37;
Comoros;COM;2015;26;
Congo;COG;2015;23;
Costa Rica;CRI;2015;55;
Cote d'Ivoire;CIV;2015;32;
Croatia;HRV;2015;51;
Cuba;CUB;2015;47;
Cyprus;CYP;2015;61;
Czechia;CZE;2015;56;
Democratic Republic of Congo;COD;2015;22;
Denmark;DNK;2015;91;
Djibouti;DJI;2015;34;
Dominican Republic;DOM;2015;33;
East Timor;TLS;2015;28;
Ecuador;ECU;2015;32;
Egypt;EGY;2015;36;
El Salvador;SLV;2015;39;
Eritrea;ERI;2015;18;
Estonia;EST;2015;70;
Ethiopia;ETH;2015;33;
Finland;FIN;2015;90;
France;FRA;2015;70;
Gabon;GAB;2015;34;
Gambia;GMB;2015;28;
Georgia;GEO;2015;52;
Germany;DEU;2015;81;
Ghana;GHA;2015;47;
Greece;GRC;2015;46;
Guatemala;GTM;2015;28;
Guinea;GIN;2015;25;
Guinea-Bissau;GNB;2015;17;
Guyana;GUY;2015;29;
Haiti;HTI;2015;17;
Honduras;HND;2015;31;
Hong Kong;HKG;2015;75;
Hungary;HUN;2015;51;
Iceland;ISL;2015;79;
India;IND;2015;38;
Indonesia;IDN;2015;36;
Iran;IRN;2015;27;
Iraq;IRQ;2015;16;
Ireland;IRL;2015;75;
Israel;ISR;2015;61;
Italy;ITA;2015;44;
Jamaica;JAM;2015;41;
Japan;JPN;2015;75;
Jordan;JOR;2015;53;
Kazakhstan;KAZ;2015;28;
Kenya;KEN;2015;25;
Kosovo;OWID_KOS;2015;33;
Kuwait;KWT;2015;49;
Kyrgyzstan;KGZ;2015;28;
Laos;LAO;2015;25;
Latvia;LVA;2015;56;
Lebanon;LBN;2015;28;
Lesotho;LSO;2015;44;
Liberia;LBR;2015;37;
Libya;LBY;2015;16;
Lithuania;LTU;2015;59;
Luxembourg;LUX;2015;85;
Madagascar;MDG;2015;28;
Malawi;MWI;2015;31;
Malaysia;MYS;2015;50;
Mali;MLI;2015;35;
Malta;MLT;2015;60;
Mauritania;MRT;2015;31;
Mauritius;MUS;2015;53;
Mexico;MEX;2015;31;
Moldova;MDA;2015;33;
Mongolia;MNG;2015;39;
Montenegro;MNE;2015;44;
Morocco;MAR;2015;36;
Mozambique;MOZ;2015;31;
Myanmar;MMR;2015;22;
Namibia;NAM;2015;53;
Nepal;NPL;2015;27;
Netherlands;NLD;2015;84;
New Zealand;NZL;2015;91;
Nicaragua;NIC;2015;27;
Niger;NER;2015;34;
Nigeria;NGA;2015;26;
North Korea;PRK;2015;8;
North Macedonia;MKD;2015;42;
Norway;NOR;2015;88;
Oman;OMN;2015;45;
Pakistan;PAK;2015;30;
Panama;PAN;2015;39;
Papua New Guinea;PNG;2015;25;
Paraguay;PRY;2015;27;
Peru;PER;2015;36;
Philippines;PHL;2015;35;
Poland;POL;2015;63;
Portugal;PRT;2015;64;
Qatar;QAT;2015;71;
Romania;ROU;2015;46;
Russia;RUS;2015;29;
Rwanda;RWA;2015;54;
Sao Tome and Principe;STP;2015;42;
Saudi Arabia;SAU;2015;52;
Senegal;SEN;2015;44;
Serbia;SRB;2015;40;
Seychelles;SYC;2015;55;
Sierra Leone;SLE;2015;29;
Singapore;SGP;2015;85;
Slovakia;SVK;2015;51;
Slovenia;SVN;2015;60;
Somalia;SOM;2015;8;
South Africa;ZAF;2015;44;
South Korea;KOR;2015;54;
South Sudan;SSD;2015;15;
Spain;ESP;2015;58;
Sri Lanka;LKA;2015;37;
Sudan;SDN;2015;12;
Suriname;SUR;2015;36;
Sweden;SWE;2015;89;
Switzerland;CHE;2015;86;
Syria;SYR;2015;18;
Taiwan;TWN;2015;62;
Tajikistan;TJK;2015;26;
Tanzania;TZA;2015;30;
Thailand;THA;2015;38;
Togo;TGO;2015;32;
Trinidad and Tobago;TTO;2015;39;
Tunisia;TUN;2015;38;
Turkey;TUR;2015;42;
Turkmenistan;TKM;2015;18;
Uganda;UGA;2015;25;
Ukraine;UKR;2015;27;
United Arab Emirates;ARE;2015;70;
United Kingdom;GBR;2015;81;
United States;USA;2015;76;
Uruguay;URY;2015;74;
Uzbekistan;UZB;2015;19;
Venezuela;VEN;2015;17;
Vietnam;VNM;2015;31;
Yemen;YEM;2015;18;
Zambia;ZMB;2015;38;
Zimbabwe;ZWE;2015;21;
Afghanistan;AFG;2016;15;
Albania;ALB;2016;39;
Algeria;DZA;2016;34;
Angola;AGO;2016;18;
Argentina;ARG;2016;36;
Armenia;ARM;2016;33;
Australia;AUS;2016;79;
Austria;AUT;2016;75;
Azerbaijan;AZE;2016;30;
Bahamas;BHS;2016;66;
Bahrain;BHR;2016;43;
Bangladesh;BGD;2016;26;
Barbados;BRB;2016;61;
Belarus;BLR;2016;40;
Belgium;BEL;2016;77;
Benin;BEN;2016;36;
Bhutan;BTN;2016;65;
Bolivia;BOL;2016;33;
Bosnia and Herzegovina;BIH;2016;39;
Botswana;BWA;2016;60;
Brazil;BRA;2016;40;
Brunei;BRN;2016;58;
Bulgaria;BGR;2016;41;
Burkina Faso;BFA;2016;42;
Burundi;BDI;2016;20;
Cambodia;KHM;2016;21;
Cameroon;CMR;2016;26;
Canada;CAN;2016;82;
Cape Verde;CPV;2016;59;
Central African Republic;CAF;2016;20;
Chad;TCD;2016;20;
Chile;CHL;2016;66;
China;CHN;2016;40;
Colombia;COL;2016;37;
Comoros;COM;2016;24;
Congo;COG;2016;20;
Costa Rica;CRI;2016;58;
Cote d'Ivoire;CIV;2016;34;
Croatia;HRV;2016;49;
Cuba;CUB;2016;47;
Cyprus;CYP;2016;55;
Czechia;CZE;2016;55;
Democratic Republic of Congo;COD;2016;21;
Denmark;DNK;2016;90;
Djibouti;DJI;2016;30;
Dominica;DMA;2016;59;
Dominican Republic;DOM;2016;31;
East Timor;TLS;2016;35;
Ecuador;ECU;2016;31;
Egypt;EGY;2016;34;
El Salvador;SLV;2016;36;
Eritrea;ERI;2016;18;
Estonia;EST;2016;70;
Ethiopia;ETH;2016;34;
Finland;FIN;2016;89;
France;FRA;2016;69;
Gabon;GAB;2016;35;
Gambia;GMB;2016;26;
Georgia;GEO;2016;57;
Germany;DEU;2016;81;
Ghana;GHA;2016;43;
Greece;GRC;2016;44;
Grenada;GRD;2016;56;
Guatemala;GTM;2016;28;
Guinea;GIN;2016;27;
Guinea-Bissau;GNB;2016;16;
Guyana;GUY;2016;34;
Haiti;HTI;2016;20;
Honduras;HND;2016;30;
Hong Kong;HKG;2016;77;
Hungary;HUN;2016;48;
Iceland;ISL;2016;78;
India;IND;2016;40;
Indonesia;IDN;2016;37;
Iran;IRN;2016;29;
Iraq;IRQ;2016;17;
Ireland;IRL;2016;73;
Israel;ISR;2016;64;
Italy;ITA;2016;47;
Jamaica;JAM;2016;39;
Japan;JPN;2016;72;
Jordan;JOR;2016;48;
Kazakhstan;KAZ;2016;29;
Kenya;KEN;2016;26;
Kosovo;OWID_KOS;2016;36;
Kuwait;KWT;2016;41;
Kyrgyzstan;KGZ;2016;28;
Laos;LAO;2016;30;
Latvia;LVA;2016;57;
Lebanon;LBN;2016;28;
Lesotho;LSO;2016;39;
Liberia;LBR;2016;37;
Libya;LBY;2016;14;
Lithuania;LTU;2016;59;
Luxembourg;LUX;2016;81;
Madagascar;MDG;2016;26;
Malawi;MWI;2016;31;
Malaysia;MYS;2016;49;
Maldives;MDV;2016;36;
Mali;MLI;2016;32;
Malta;MLT;2016;55;
Mauritania;MRT;2016;27;
Mauritius;MUS;2016;54;
Mexico;MEX;2016;30;
Moldova;MDA;2016;30;
Mongolia;MNG;2016;38;
Montenegro;MNE;2016;45;
Morocco;MAR;2016;37;
Mozambique;MOZ;2016;27;
Myanmar;MMR;2016;28;
Namibia;NAM;2016;52;
Nepal;NPL;2016;29;
Netherlands;NLD;2016;83;
New Zealand;NZL;2016;90;
Nicaragua;NIC;2016;26;
Niger;NER;2016;35;
Nigeria;NGA;2016;28;
North Korea;PRK;2016;12;
North Macedonia;MKD;2016;37;
Norway;NOR;2016;85;
Oman;OMN;2016;45;
Pakistan;PAK;2016;32;
Panama;PAN;2016;38;
Papua New Guinea;PNG;2016;28;
Paraguay;PRY;2016;30;
Peru;PER;2016;35;
Philippines;PHL;2016;35;
Poland;POL;2016;62;
Portugal;PRT;2016;62;
Qatar;QAT;2016;61;
Romania;ROU;2016;48;
Russia;RUS;2016;29;
Rwanda;RWA;2016;54;
Saint Lucia;LCA;2016;60;
Saint Vincent and the Grenadines;VCT;2016;60;
Sao Tome and Principe;STP;2016;46;
Saudi Arabia;SAU;2016;46;
Senegal;SEN;2016;45;
Serbia;SRB;2016;42;
Sierra Leone;SLE;2016;30;
Singapore;SGP;2016;84;
Slovakia;SVK;2016;51;
Slovenia;SVN;2016;61;
Solomon Islands;SLB;2016;42;
Somalia;SOM;2016;10;
South Africa;ZAF;2016;45;
South Korea;KOR;2016;53;
South Sudan;SSD;2016;11;
Spain;ESP;2016;58;
Sri Lanka;LKA;2016;36;
Sudan;SDN;2016;14;
Suriname;SUR;2016;45;
Sweden;SWE;2016;88;
Switzerland;CHE;2016;86;
Syria;SYR;2016;13;
Taiwan;TWN;2016;61;
Tajikistan;TJK;2016;25;
Tanzania;TZA;2016;32;
Thailand;THA;2016;35;
Togo;TGO;2016;32;
Trinidad and Tobago;TTO;2016;35;
Tunisia;TUN;2016;41;
Turkey;TUR;2016;41;
Turkmenistan;TKM;2016;22;
Uganda;UGA;2016;25;
Ukraine;UKR;2016;29;
United Arab Emirates;ARE;2016;66;
United Kingdom;GBR;2016;81;
United States;USA;2016;74;
Uruguay;URY;2016;71;
Uzbekistan;UZB;2016;21;
Venezuela;VEN;2016;17;
Vietnam;VNM;2016;33;
Yemen;YEM;2016;14;
Zambia;ZMB;2016;38;
Zimbabwe;ZWE;2016;22;
Afghanistan;AFG;2017;15;
Albania;ALB;2017;38;
Algeria;DZA;2017;33;
Angola;AGO;2017;19;
Argentina;ARG;2017;39;
Armenia;ARM;2017;35;
Australia;AUS;2017;77;
Austria;AUT;2017;75;
Azerbaijan;AZE;2017;31;
Bahamas;BHS;2017;65;
Bahrain;BHR;2017;36;
Bangladesh;BGD;2017;28;
Barbados;BRB;2017;68;
Belarus;BLR;2017;44;
Belgium;BEL;2017;75;
Benin;BEN;2017;39;
Bhutan;BTN;2017;67;
Bolivia;BOL;2017;33;
Bosnia and Herzegovina;BIH;2017;38;
Botswana;BWA;2017;61;
Brazil;BRA;2017;37;
Brunei;BRN;2017;62;
Bulgaria;BGR;2017;43;
Burkina Faso;BFA;2017;42;
Burundi;BDI;2017;22;
Cambodia;KHM;2017;21;
Cameroon;CMR;2017;25;
Canada;CAN;2017;82;
Cape Verde;CPV;2017;55;
Central African Republic;CAF;2017;23;
Chad;TCD;2017;20;
Chile;CHL;2017;67;
China;CHN;2017;41;
Colombia;COL;2017;37;
Comoros;COM;2017;27;
Congo;COG;2017;21;
Costa Rica;CRI;2017;59;
Cote d'Ivoire;CIV;2017;36;
Croatia;HRV;2017;49;
Cuba;CUB;2017;47;
Cyprus;CYP;2017;57;
Czechia;CZE;2017;57;
Democratic Republic of Congo;COD;2017;21;
Denmark;DNK;2017;88;
Djibouti;DJI;2017;31;
Dominica;DMA;2017;57;
Dominican Republic;DOM;2017;29;
East Timor;TLS;2017;38;
Ecuador;ECU;2017;32;
Egypt;EGY;2017;32;
El Salvador;SLV;2017;33;
Equatorial Guinea;GNQ;2017;17;
Eritrea;ERI;2017;20;
Estonia;EST;2017;71;
Eswatini;SWZ;2017;39;
Ethiopia;ETH;2017;35;
Finland;FIN;2017;85;
France;FRA;2017;70;
Gabon;GAB;2017;32;
Gambia;GMB;2017;30;
Georgia;GEO;2017;56;
Germany;DEU;2017;81;
Ghana;GHA;2017;40;
Greece;GRC;2017;48;
Grenada;GRD;2017;52;
Guatemala;GTM;2017;28;
Guinea;GIN;2017;27;
Guinea-Bissau;GNB;2017;17;
Guyana;GUY;2017;38;
Haiti;HTI;2017;22;
Honduras;HND;2017;29;
Hong Kong;HKG;2017;77;
Hungary;HUN;2017;45;
Iceland;ISL;2017;77;
India;IND;2017;40;
Indonesia;IDN;2017;37;
Iran;IRN;2017;30;
Iraq;IRQ;2017;18;
Ireland;IRL;2017;74;
Israel;ISR;2017;62;
Italy;ITA;2017;50;
Jamaica;JAM;2017;44;
Japan;JPN;2017;73;
Jordan;JOR;2017;48;
Kazakhstan;KAZ;2017;31;
Kenya;KEN;2017;28;
Kosovo;OWID_KOS;2017;39;
Kuwait;KWT;2017;39;
Kyrgyzstan;KGZ;2017;29;
Laos;LAO;2017;29;
Latvia;LVA;2017;58;
Lebanon;LBN;2017;28;
Lesotho;LSO;2017;42;
Liberia;LBR;2017;31;
Libya;LBY;2017;17;
Lithuania;LTU;2017;59;
Luxembourg;LUX;2017;82;
Madagascar;MDG;2017;24;
Malawi;MWI;2017;31;
Malaysia;MYS;2017;47;
Maldives;MDV;2017;33;
Mali;MLI;2017;31;
Malta;MLT;2017;56;
Mauritania;MRT;2017;28;
Mauritius;MUS;2017;50;
Mexico;MEX;2017;29;
Moldova;MDA;2017;31;
Mongolia;MNG;2017;36;
Montenegro;MNE;2017;46;
Morocco;MAR;2017;40;
Mozambique;MOZ;2017;25;
Myanmar;MMR;2017;30;
Namibia;NAM;2017;51;
Nepal;NPL;2017;31;
Netherlands;NLD;2017;82;
New Zealand;NZL;2017;89;
Nicaragua;NIC;2017;26;
Niger;NER;2017;33;
Nigeria;NGA;2017;27;
North Korea;PRK;2017;17;
North Macedonia;MKD;2017;35;
Norway;NOR;2017;85;
Oman;OMN;2017;44;
Pakistan;PAK;2017;32;
Panama;PAN;2017;37;
Papua New Guinea;PNG;2017;29;
Paraguay;PRY;2017;29;
Peru;PER;2017;37;
Philippines;PHL;2017;34;
Poland;POL;2017;60;
Portugal;PRT;2017;63;
Qatar;QAT;2017;63;
Romania;ROU;2017;48;
Russia;RUS;2017;29;
Rwanda;RWA;2017;55;
Saint Lucia;LCA;2017;55;
Saint Vincent and the Grenadines;VCT;2017;58;
Sao Tome and Principe;STP;2017;46;
Saudi Arabia;SAU;2017;49;
Senegal;SEN;2017;45;
Serbia;SRB;2017;41;
Seychelles;SYC;2017;60;
Sierra Leone;SLE;2017;30;
Singapore;SGP;2017;84;
Slovakia;SVK;2017;50;
Slovenia;SVN;2017;61;
Solomon Islands;SLB;2017;39;
Somalia;SOM;2017;9;
South Africa;ZAF;2017;43;
South Korea;KOR;2017;54;
South Sudan;SSD;2017;12;
Spain;ESP;2017;57;
Sri Lanka;LKA;2017;38;
Sudan;SDN;2017;16;
Suriname;SUR;2017;41;
Sweden;SWE;2017;84;
Switzerland;CHE;2017;85;
Syria;SYR;2017;14;
Taiwan;TWN;2017;63;
Tajikistan;TJK;2017;21;
Tanzania;TZA;2017;36;
Thailand;THA;2017;37;
Togo;TGO;2017;32;
Trinidad and Tobago;TTO;2017;41;
Tunisia;TUN;2017;42;
Turkey;TUR;2017;40;
Turkmenistan;TKM;2017;19;
Uganda;UGA;2017;26;
Ukraine;UKR;2017;30;
United Arab Emirates;ARE;2017;71;
United Kingdom;GBR;2017;82;
United States;USA;2017;75;
Uruguay;URY;2017;70;
Uzbekistan;UZB;2017;22;
Vanuatu;VUT;2017;43;
Venezuela;VEN;2017;18;
Vietnam;VNM;2017;35;
Yemen;YEM;2017;16;
Zambia;ZMB;2017;37;
Zimbabwe;ZWE;2017;22;
Afghanistan;AFG;2018;16;
Albania;ALB;2018;36;
Algeria;DZA;2018;35;
Angola;AGO;2018;19;
Argentina;ARG;2018;40;
Armenia;ARM;2018;35;
Australia;AUS;2018;77;
Austria;AUT;2018;76;
Azerbaijan;AZE;2018;25;
Bahamas;BHS;2018;65;
Bahrain;BHR;2018;36;
Bangladesh;BGD;2018;26;
Barbados;BRB;2018;68;
Belarus;BLR;2018;44;
Belgium;BEL;2018;75;
Benin;BEN;2018;40;
Bhutan;BTN;2018;68;
Bolivia;BOL;2018;29;
Bosnia and Herzegovina;BIH;2018;38;
Botswana;BWA;2018;61;
Brazil;BRA;2018;35;
Brunei;BRN;2018;63;
Bulgaria;BGR;2018;42;
Burkina Faso;BFA;2018;41;
Burundi;BDI;2018;17;
Cambodia;KHM;2018;20;
Cameroon;CMR;2018;25;
Canada;CAN;2018;81;
Cape Verde;CPV;2018;57;
Central African Republic;CAF;2018;26;
Chad;TCD;2018;19;
Chile;CHL;2018;67;
China;CHN;2018;39;
Colombia;COL;2018;36;
Comoros;COM;2018;27;
Congo;COG;2018;19;
Costa Rica;CRI;2018;56;
Cote d'Ivoire;CIV;2018;35;
Croatia;HRV;2018;48;
Cuba;CUB;2018;47;
Cyprus;CYP;2018;59;
Czechia;CZE;2018;59;
Democratic Republic of Congo;COD;2018;20;
Denmark;DNK;2018;88;
Djibouti;DJI;2018;31;
Dominica;DMA;2018;57;
Dominican Republic;DOM;2018;30;
East Timor;TLS;2018;35;
Ecuador;ECU;2018;34;
Egypt;EGY;2018;35;
El Salvador;SLV;2018;35;
Equatorial Guinea;GNQ;2018;16;
Eritrea;ERI;2018;24;
Estonia;EST;2018;73;
Eswatini;SWZ;2018;38;
Ethiopia;ETH;2018;34;
Finland;FIN;2018;85;
France;FRA;2018;72;
Gabon;GAB;2018;31;
Gambia;GMB;2018;37;
Georgia;GEO;2018;58;
Germany;DEU;2018;80;
Ghana;GHA;2018;41;
Greece;GRC;2018;45;
Grenada;GRD;2018;52;
Guatemala;GTM;2018;27;
Guinea;GIN;2018;28;
Guinea-Bissau;GNB;2018;16;
Guyana;GUY;2018;37;
Haiti;HTI;2018;20;
Honduras;HND;2018;29;
Hong Kong;HKG;2018;76;
Hungary;HUN;2018;46;
Iceland;ISL;2018;76;
India;IND;2018;41;
Indonesia;IDN;2018;38;
Iran;IRN;2018;28;
Iraq;IRQ;2018;18;
Ireland;IRL;2018;73;
Israel;ISR;2018;61;
Italy;ITA;2018;52;
Jamaica;JAM;2018;44;
Japan;JPN;2018;73;
Jordan;JOR;2018;49;
Kazakhstan;KAZ;2018;31;
Kenya;KEN;2018;27;
Kosovo;OWID_KOS;2018;37;
Kuwait;KWT;2018;41;
Kyrgyzstan;KGZ;2018;29;
Laos;LAO;2018;29;
Latvia;LVA;2018;58;
Lebanon;LBN;2018;28;
Lesotho;LSO;2018;41;
Liberia;LBR;2018;32;
Libya;LBY;2018;17;
Lithuania;LTU;2018;59;
Luxembourg;LUX;2018;81;
Madagascar;MDG;2018;25;
Malawi;MWI;2018;32;
Malaysia;MYS;2018;47;
Maldives;MDV;2018;31;
Mali;MLI;2018;32;
Malta;MLT;2018;54;
Mauritania;MRT;2018;27;
Mauritius;MUS;2018;51;
Mexico;MEX;2018;28;
Moldova;MDA;2018;33;
Mongolia;MNG;2018;37;
Montenegro;MNE;2018;45;
Morocco;MAR;2018;43;
Mozambique;MOZ;2018;23;
Myanmar;MMR;2018;29;
Namibia;NAM;2018;53;
Nepal;NPL;2018;31;
Netherlands;NLD;2018;82;
New Zealand;NZL;2018;87;
Nicaragua;NIC;2018;25;
Niger;NER;2018;34;
Nigeria;NGA;2018;27;
North Korea;PRK;2018;14;
North Macedonia;MKD;2018;37;
Norway;NOR;2018;84;
Oman;OMN;2018;52;
Pakistan;PAK;2018;33;
Panama;PAN;2018;37;
Papua New Guinea;PNG;2018;28;
Paraguay;PRY;2018;29;
Peru;PER;2018;35;
Philippines;PHL;2018;36;
Poland;POL;2018;60;
Portugal;PRT;2018;64;
Qatar;QAT;2018;62;
Romania;ROU;2018;47;
Russia;RUS;2018;28;
Rwanda;RWA;2018;56;
Saint Lucia;LCA;2018;55;
Saint Vincent and the Grenadines;VCT;2018;58;
Sao Tome and Principe;STP;2018;46;
Saudi Arabia;SAU;2018;49;
Senegal;SEN;2018;45;
Serbia;SRB;2018;39;
Seychelles;SYC;2018;66;
Sierra Leone;SLE;2018;30;
Singapore;SGP;2018;85;
Slovakia;SVK;2018;50;
Slovenia;SVN;2018;60;
Solomon Islands;SLB;2018;44;
Somalia;SOM;2018;10;
South Africa;ZAF;2018;43;
South Korea;KOR;2018;57;
South Sudan;SSD;2018;13;
Spain;ESP;2018;58;
Sri Lanka;LKA;2018;38;
Sudan;SDN;2018;16;
Suriname;SUR;2018;43;
Sweden;SWE;2018;85;
Switzerland;CHE;2018;85;
Syria;SYR;2018;13;
Taiwan;TWN;2018;63;
Tajikistan;TJK;2018;25;
Tanzania;TZA;2018;36;
Thailand;THA;2018;36;
Togo;TGO;2018;30;
Trinidad and Tobago;TTO;2018;41;
Tunisia;TUN;2018;43;
Turkey;TUR;2018;41;
Turkmenistan;TKM;2018;20;
Uganda;UGA;2018;26;
Ukraine;UKR;2018;32;
United Arab Emirates;ARE;2018;70;
United Kingdom;GBR;2018;80;
United States;USA;2018;71;
Uruguay;URY;2018;70;
Uzbekistan;UZB;2018;23;
Vanuatu;VUT;2018;46;
Venezuela;VEN;2018;18;
Vietnam;VNM;2018;33;
Yemen;YEM;2018;14;
Zambia;ZMB;2018;35;
Zimbabwe;ZWE;2018;22;
Afghanistan;AFG;2019;16;
Albania;ALB;2019;35;
Algeria;DZA;2019;35;
Angola;AGO;2019;26;
Argentina;ARG;2019;45;
Armenia;ARM;2019;42;
Australia;AUS;2019;77;
Austria;AUT;2019;77;
Azerbaijan;AZE;2019;30;
Bahamas;BHS;2019;64;
Bahrain;BHR;2019;42;
Bangladesh;BGD;2019;26;
Barbados;BRB;2019;62;
Belarus;BLR;2019;45;
Belgium;BEL;2019;75;
Benin;BEN;2019;41;
Bhutan;BTN;2019;68;
Bolivia;BOL;2019;31;
Bosnia and Herzegovina;BIH;2019;36;
Botswana;BWA;2019;61;
Brazil;BRA;2019;35;
Brunei;BRN;2019;60;
Bulgaria;BGR;2019;43;
Burkina Faso;BFA;2019;40;
Burundi;BDI;2019;19;
Cambodia;KHM;2019;20;
Cameroon;CMR;2019;25;
Canada;CAN;2019;77;
Cape Verde;CPV;2019;58;
Central African Republic;CAF;2019;25;
Chad;TCD;2019;20;
Chile;CHL;2019;67;
China;CHN;2019;41;
Colombia;COL;2019;37;
Comoros;COM;2019;25;
Congo;COG;2019;19;
Costa Rica;CRI;2019;56;
Cote d'Ivoire;CIV;2019;35;
Croatia;HRV;2019;47;
Cuba;CUB;2019;48;
Cyprus;CYP;2019;58;
Czechia;CZE;2019;56;
Democratic Republic of Congo;COD;2019;18;
Denmark;DNK;2019;87;
Djibouti;DJI;2019;30;
Dominica;DMA;2019;55;
Dominican Republic;DOM;2019;28;
East Timor;TLS;2019;38;
Ecuador;ECU;2019;38;
Egypt;EGY;2019;35;
El Salvador;SLV;2019;34;
Equatorial Guinea;GNQ;2019;16;
Eritrea;ERI;2019;23;
Estonia;EST;2019;74;
Eswatini;SWZ;2019;34;
Ethiopia;ETH;2019;37;
Finland;FIN;2019;86;
France;FRA;2019;69;
Gabon;GAB;2019;31;
Gambia;GMB;2019;37;
Georgia;GEO;2019;56;
Germany;DEU;2019;80;
Ghana;GHA;2019;41;
Greece;GRC;2019;48;
Grenada;GRD;2019;53;
Guatemala;GTM;2019;26;
Guinea;GIN;2019;29;
Guinea-Bissau;GNB;2019;18;
Guyana;GUY;2019;40;
Haiti;HTI;2019;18;
Honduras;HND;2019;26;
Hong Kong;HKG;2019;76;
Hungary;HUN;2019;44;
Iceland;ISL;2019;78;
India;IND;2019;41;
Indonesia;IDN;2019;40;
Iran;IRN;2019;26;
Iraq;IRQ;2019;20;
Ireland;IRL;2019;74;
Israel;ISR;2019;60;
Italy;ITA;2019;53;
Jamaica;JAM;2019;43;
Japan;JPN;2019;73;
Jordan;JOR;2019;48;
Kazakhstan;KAZ;2019;34;
Kenya;KEN;2019;28;
Kosovo;OWID_KOS;2019;36;
Kuwait;KWT;2019;40;
Kyrgyzstan;KGZ;2019;30;
Laos;LAO;2019;29;
Latvia;LVA;2019;56;
Lebanon;LBN;2019;28;
Lesotho;LSO;2019;40;
Liberia;LBR;2019;28;
Libya;LBY;2019;18;
Lithuania;LTU;2019;60;
Luxembourg;LUX;2019;80;
Madagascar;MDG;2019;24;
Malawi;MWI;2019;31;
Malaysia;MYS;2019;53;
Maldives;MDV;2019;29;
Mali;MLI;2019;29;
Malta;MLT;2019;54;
Mauritania;MRT;2019;28;
Mauritius;MUS;2019;52;
Mexico;MEX;2019;29;
Moldova;MDA;2019;32;
Mongolia;MNG;2019;35;
Montenegro;MNE;2019;45;
Morocco;MAR;2019;41;
Mozambique;MOZ;2019;26;
Myanmar;MMR;2019;29;
Namibia;NAM;2019;52;
Nepal;NPL;2019;34;
Netherlands;NLD;2019;82;
New Zealand;NZL;2019;87;
Nicaragua;NIC;2019;22;
Niger;NER;2019;32;
Nigeria;NGA;2019;26;
North Korea;PRK;2019;17;
North Macedonia;MKD;2019;35;
Norway;NOR;2019;84;
Oman;OMN;2019;52;
Pakistan;PAK;2019;32;
Panama;PAN;2019;36;
Papua New Guinea;PNG;2019;28;
Paraguay;PRY;2019;28;
Peru;PER;2019;36;
Philippines;PHL;2019;34;
Poland;POL;2019;58;
Portugal;PRT;2019;62;
Qatar;QAT;2019;62;
Romania;ROU;2019;44;
Russia;RUS;2019;28;
Rwanda;RWA;2019;53;
Saint Lucia;LCA;2019;55;
Saint Vincent and the Grenadines;VCT;2019;59;
Sao Tome and Principe;STP;2019;46;
Saudi Arabia;SAU;2019;53;
Senegal;SEN;2019;45;
Serbia;SRB;2019;39;
Seychelles;SYC;2019;66;
Sierra Leone;SLE;2019;33;
Singapore;SGP;2019;85;
Slovakia;SVK;2019;50;
Slovenia;SVN;2019;60;
Solomon Islands;SLB;2019;42;
Somalia;SOM;2019;9;
South Africa;ZAF;2019;44;
South Korea;KOR;2019;59;
South Sudan;SSD;2019;12;
Spain;ESP;2019;62;
Sri Lanka;LKA;2019;38;
Sudan;SDN;2019;16;
Suriname;SUR;2019;44;
Sweden;SWE;2019;85;
Switzerland;CHE;2019;85;
Syria;SYR;2019;13;
Taiwan;TWN;2019;65;
Tajikistan;TJK;2019;25;
Tanzania;TZA;2019;37;
Thailand;THA;2019;36;
Togo;TGO;2019;29;
Trinidad and Tobago;TTO;2019;40;
Tunisia;TUN;2019;43;
Turkey;TUR;2019;39;
Turkmenistan;TKM;2019;19;
Uganda;UGA;2019;28;
Ukraine;UKR;2019;30;
United Arab Emirates;ARE;2019;71;
United Kingdom;GBR;2019;77;
United States;USA;2019;69;
Uruguay;URY;2019;71;
Uzbekistan;UZB;2019;25;
Vanuatu;VUT;2019;46;
Venezuela;VEN;2019;16;
Vietnam;VNM;2019;37;
Yemen;YEM;2019;15;
Zambia;ZMB;2019;34;
Zimbabwe;ZWE;2019;24;
Afghanistan;AFG;2020;19;
Albania;ALB;2020;36;
Algeria;DZA;2020;36;
Angola;AGO;2020;27;
Argentina;ARG;2020;42;
Armenia;ARM;2020;49;
Australia;AUS;2020;77;
Austria;AUT;2020;76;
Azerbaijan;AZE;2020;30;
Bahamas;BHS;2020;63;
Bahrain;BHR;2020;42;
Bangladesh;BGD;2020;26;
Barbados;BRB;2020;64;
Belarus;BLR;2020;47;
Belgium;BEL;2020;76;
Benin;BEN;2020;41;
Bhutan;BTN;2020;68;
Bolivia;BOL;2020;31;
Bosnia and Herzegovina;BIH;2020;35;
Botswana;BWA;2020;60;
Brazil;BRA;2020;38;
Brunei;BRN;2020;60;
Bulgaria;BGR;2020;44;
Burkina Faso;BFA;2020;40;
Burundi;BDI;2020;19;
Cambodia;KHM;2020;21;
Cameroon;CMR;2020;25;
Canada;CAN;2020;77;
Cape Verde;CPV;2020;58;
Central African Republic;CAF;2020;26;
Chad;TCD;2020;21;
Chile;CHL;2020;67;
China;CHN;2020;42;
Colombia;COL;2020;39;
Comoros;COM;2020;21;
Congo;COG;2020;19;
Costa Rica;CRI;2020;57;
Cote d'Ivoire;CIV;2020;36;
Croatia;HRV;2020;47;
Cuba;CUB;2020;47;
Cyprus;CYP;2020;57;
Czechia;CZE;2020;54;
Democratic Republic of Congo;COD;2020;18;
Denmark;DNK;2020;88;
Djibouti;DJI;2020;27;
Dominica;DMA;2020;55;
Dominican Republic;DOM;2020;28;
East Timor;TLS;2020;40;
Ecuador;ECU;2020;39;
Egypt;EGY;2020;33;
El Salvador;SLV;2020;36;
Equatorial Guinea;GNQ;2020;16;
Eritrea;ERI;2020;21;
Estonia;EST;2020;75;
Eswatini;SWZ;2020;33;
Ethiopia;ETH;2020;38;
Finland;FIN;2020;85;
France;FRA;2020;69;
Gabon;GAB;2020;30;
Gambia;GMB;2020;37;
Georgia;GEO;2020;56;
Germany;DEU;2020;80;
Ghana;GHA;2020;43;
Greece;GRC;2020;50;
Grenada;GRD;2020;53;
Guatemala;GTM;2020;25;
Guinea;GIN;2020;28;
Guinea-Bissau;GNB;2020;19;
Guyana;GUY;2020;41;
Haiti;HTI;2020;18;
Honduras;HND;2020;24;
Hong Kong;HKG;2020;77;
Hungary;HUN;2020;44;
Iceland;ISL;2020;75;
India;IND;2020;40;
Indonesia;IDN;2020;37;
Iran;IRN;2020;25;
Iraq;IRQ;2020;21;
Ireland;IRL;2020;72;
Israel;ISR;2020;60;
Italy;ITA;2020;53;
Jamaica;JAM;2020;44;
Japan;JPN;2020;74;
Jordan;JOR;2020;49;
Kazakhstan;KAZ;2020;38;
Kenya;KEN;2020;31;
Kosovo;OWID_KOS;2020;36;
Kuwait;KWT;2020;42;
Kyrgyzstan;KGZ;2020;31;
Laos;LAO;2020;29;
Latvia;LVA;2020;57;
Lebanon;LBN;2020;25;
Lesotho;LSO;2020;41;
Liberia;LBR;2020;28;
Libya;LBY;2020;17;
Lithuania;LTU;2020;60;
Luxembourg;LUX;2020;80;
Madagascar;MDG;2020;25;
Malawi;MWI;2020;30;
Malaysia;MYS;2020;51;
Maldives;MDV;2020;43;
Mali;MLI;2020;30;
Malta;MLT;2020;53;
Mauritania;MRT;2020;29;
Mauritius;MUS;2020;53;
Mexico;MEX;2020;31;
Moldova;MDA;2020;34;
Mongolia;MNG;2020;35;
Montenegro;MNE;2020;45;
Morocco;MAR;2020;40;
Mozambique;MOZ;2020;25;
Myanmar;MMR;2020;28;
Namibia;NAM;2020;51;
Nepal;NPL;2020;33;
Netherlands;NLD;2020;82;
New Zealand;NZL;2020;88;
Nicaragua;NIC;2020;22;
Niger;NER;2020;32;
Nigeria;NGA;2020;25;
North Korea;PRK;2020;18;
North Macedonia;MKD;2020;35;
Norway;NOR;2020;84;
Oman;OMN;2020;54;
Pakistan;PAK;2020;31;
Panama;PAN;2020;35;
Papua New Guinea;PNG;2020;27;
Paraguay;PRY;2020;28;
Peru;PER;2020;38;
Philippines;PHL;2020;34;
Poland;POL;2020;56;
Portugal;PRT;2020;61;
Qatar;QAT;2020;63;
Romania;ROU;2020;44;
Russia;RUS;2020;30;
Rwanda;RWA;2020;54;
Saint Lucia;LCA;2020;56;
Saint Vincent and the Grenadines;VCT;2020;59;
Sao Tome and Principe;STP;2020;47;
Saudi Arabia;SAU;2020;53;
Senegal;SEN;2020;45;
Serbia;SRB;2020;38;
Seychelles;SYC;2020;66;
Sierra Leone;SLE;2020;33;
Singapore;SGP;2020;85;
Slovakia;SVK;2020;49;
Slovenia;SVN;2020;60;
Solomon Islands;SLB;2020;42;
Somalia;SOM;2020;12;
South Africa;ZAF;2020;44;
South Korea;KOR;2020;61;
South Sudan;SSD;2020;12;
Spain;ESP;2020;62;
Sri Lanka;LKA;2020;38;
Sudan;SDN;2020;16;
Suriname;SUR;2020;38;
Sweden;SWE;2020;85;
Switzerland;CHE;2020;85;
Syria;SYR;2020;14;
Taiwan;TWN;2020;65;
Tajikistan;TJK;2020;25;
Tanzania;TZA;2020;38;
Thailand;THA;2020;36;
Togo;TGO;2020;29;
Trinidad and Tobago;TTO;2020;40;
Tunisia;TUN;2020;44;
Turkey;TUR;2020;40;
Turkmenistan;TKM;2020;19;
Uganda;UGA;2020;27;
Ukraine;UKR;2020;33;
United Arab Emirates;ARE;2020;71;
United Kingdom;GBR;2020;77;
United States;USA;2020;67;
Uruguay;URY;2020;71;
Uzbekistan;UZB;2020;26;
Vanuatu;VUT;2020;43;
Venezuela;VEN;2020;15;
Vietnam;VNM;2020;36;
Yemen;YEM;2020;15;
Zambia;ZMB;2020;33;
Zimbabwe;ZWE;2020;24;
Afghanistan;AFG;2021;16;
Albania;ALB;2021;35;
Algeria;DZA;2021;33;
Angola;AGO;2021;29;
Argentina;ARG;2021;38;
Armenia;ARM;2021;49;
Australia;AUS;2021;73;
Austria;AUT;2021;74;
Azerbaijan;AZE;2021;30;
Bahamas;BHS;2021;64;
Bahrain;BHR;2021;42;
Bangladesh;BGD;2021;26;
Barbados;BRB;2021;65;
Belarus;BLR;2021;41;
Belgium;BEL;2021;73;
Benin;BEN;2021;42;
Bhutan;BTN;2021;68;
Bolivia;BOL;2021;30;
Bosnia and Herzegovina;BIH;2021;35;
Botswana;BWA;2021;55;
Brazil;BRA;2021;38;
Bulgaria;BGR;2021;42;
Burkina Faso;BFA;2021;42;
Burundi;BDI;2021;19;
Cambodia;KHM;2021;23;
Cameroon;CMR;2021;27;
Canada;CAN;2021;74;
Cape Verde;CPV;2021;58;
Central African Republic;CAF;2021;24;
Chad;TCD;2021;20;
Chile;CHL;2021;67;
China;CHN;2021;45;
Colombia;COL;2021;39;
Comoros;COM;2021;20;
Congo;COG;2021;21;
Costa Rica;CRI;2021;58;
Cote d'Ivoire;CIV;2021;36;
Croatia;HRV;2021;47;
Cuba;CUB;2021;46;
Cyprus;CYP;2021;53;
Czechia;CZE;2021;54;
Democratic Republic of Congo;COD;2021;19;
Denmark;DNK;2021;88;
Djibouti;DJI;2021;30;
Dominica;DMA;2021;55;
Dominican Republic;DOM;2021;30;
East Timor;TLS;2021;41;
Ecuador;ECU;2021;36;
Egypt;EGY;2021;33;
El Salvador;SLV;2021;34;
Equatorial Guinea;GNQ;2021;17;
Eritrea;ERI;2021;22;
Estonia;EST;2021;74;
Eswatini;SWZ;2021;32;
Ethiopia;ETH;2021;39;
Fiji;FJI;2021;55;
Finland;FIN;2021;88;
France;FRA;2021;71;
Gabon;GAB;2021;31;
Gambia;GMB;2021;37;
Georgia;GEO;2021;55;
Germany;DEU;2021;80;
Ghana;GHA;2021;43;
Greece;GRC;2021;49;
Grenada;GRD;2021;53;
Guatemala;GTM;2021;25;
Guinea;GIN;2021;25;
Guinea-Bissau;GNB;2021;21;
Guyana;GUY;2021;39;
Haiti;HTI;2021;20;
Honduras;HND;2021;23;
Hong Kong;HKG;2021;76;
Hungary;HUN;2021;43;
Iceland;ISL;2021;74;
India;IND;2021;40;
Indonesia;IDN;2021;38;
Iran;IRN;2021;25;
Iraq;IRQ;2021;23;
Ireland;IRL;2021;74;
Israel;ISR;2021;59;
Italy;ITA;2021;56;
Jamaica;JAM;2021;44;
Japan;JPN;2021;73;
Jordan;JOR;2021;49;
Kazakhstan;KAZ;2021;37;
Kenya;KEN;2021;30;
Kosovo;OWID_KOS;2021;39;
Kuwait;KWT;2021;43;
Kyrgyzstan;KGZ;2021;27;
Laos;LAO;2021;30;
Latvia;LVA;2021;59;
Lebanon;LBN;2021;24;
Lesotho;LSO;2021;38;
Liberia;LBR;2021;29;
Libya;LBY;2021;17;
Lithuania;LTU;2021;61;
Luxembourg;LUX;2021;81;
Madagascar;MDG;2021;26;
Malawi;MWI;2021;35;
Malaysia;MYS;2021;48;
Maldives;MDV;2021;40;
Mali;MLI;2021;29;
Malta;MLT;2021;54;
Mauritania;MRT;2021;28;
Mauritius;MUS;2021;54;
Mexico;MEX;2021;31;
Moldova;MDA;2021;36;
Mongolia;MNG;2021;35;
Montenegro;MNE;2021;46;
Morocco;MAR;2021;39;
Mozambique;MOZ;2021;26;
Myanmar;MMR;2021;28;
Namibia;NAM;2021;49;
Nepal;NPL;2021;33;
Netherlands;NLD;2021;82;
New Zealand;NZL;2021;88;
Nicaragua;NIC;2021;20;
Niger;NER;2021;31;
Nigeria;NGA;2021;24;
North Korea;PRK;2021;16;
North Macedonia;MKD;2021;39;
Norway;NOR;2021;85;
Oman;OMN;2021;52;
Pakistan;PAK;2021;28;
Panama;PAN;2021;36;
Papua New Guinea;PNG;2021;31;
Paraguay;PRY;2021;30;
Peru;PER;2021;36;
Philippines;PHL;2021;33;
Poland;POL;2021;56;
Portugal;PRT;2021;62;
Qatar;QAT;2021;63;
Romania;ROU;2021;45;
Russia;RUS;2021;29;
Rwanda;RWA;2021;53;
Saint Lucia;LCA;2021;56;
Saint Vincent and the Grenadines;VCT;2021;59;
Sao Tome and Principe;STP;2021;45;
Saudi Arabia;SAU;2021;53;
Senegal;SEN;2021;43;
Serbia;SRB;2021;38;
Seychelles;SYC;2021;70;
Sierra Leone;SLE;2021;34;
Singapore;SGP;2021;85;
Slovakia;SVK;2021;52;
Slovenia;SVN;2021;57;
Solomon Islands;SLB;2021;43;
Somalia;SOM;2021;13;
South Africa;ZAF;2021;44;
South Korea;KOR;2021;62;
South Sudan;SSD;2021;11;
Spain;ESP;2021;61;
Sri Lanka;LKA;2021;37;
Sudan;SDN;2021;20;
Suriname;SUR;2021;39;
Sweden;SWE;2021;85;
Switzerland;CHE;2021;84;
Syria;SYR;2021;13;
Taiwan;TWN;2021;68;
Tajikistan;TJK;2021;25;
Tanzania;TZA;2021;39;
Thailand;THA;2021;35;
Togo;TGO;2021;30;
Trinidad and Tobago;TTO;2021;41;
Tunisia;TUN;2021;44;
Turkey;TUR;2021;38;
Turkmenistan;TKM;2021;19;
Uganda;UGA;2021;27;
Ukraine;UKR;2021;32;
United Arab Emirates;ARE;2021;69;
United Kingdom;GBR;2021;78;
United States;USA;2021;67;
Uruguay;URY;2021;73;
Uzbekistan;UZB;2021;28;
Vanuatu;VUT;2021;45;
Venezuela;VEN;2021;14;
Vietnam;VNM;2021;39;
Yemen;YEM;2021;16;
Zambia;ZMB;2021;33;
Zimbabwe;ZWE;2021;23;
Afghanistan;AFG;2022;24;
Albania;ALB;2022;36;
Algeria;DZA;2022;33;
Angola;AGO;2022;33;
Argentina;ARG;2022;38;
Armenia;ARM;2022;46;
Australia;AUS;2022;75;
Austria;AUT;2022;71;
Azerbaijan;AZE;2022;23;
Bahamas;BHS;2022;64;
Bahrain;BHR;2022;44;
Bangladesh;BGD;2022;25;
Barbados;BRB;2022;65;
Belarus;BLR;2022;39;
Belgium;BEL;2022;73;
Benin;BEN;2022;43;
Bhutan;BTN;2022;68;
Bolivia;BOL;2022;31;
Bosnia and Herzegovina;BIH;2022;34;
Botswana;BWA;2022;60;
Brazil;BRA;2022;38;
Bulgaria;BGR;2022;43;
Burkina Faso;BFA;2022;42;
Burundi;BDI;2022;17;
Cambodia;KHM;2022;24;
Cameroon;CMR;2022;26;
Canada;CAN;2022;74;
Cape Verde;CPV;2022;60;
Central African Republic;CAF;2022;24;
Chad;TCD;2022;19;
Chile;CHL;2022;67;
China;CHN;2022;45;
Colombia;COL;2022;39;
Comoros;COM;2022;19;
Congo;COG;2022;21;
Costa Rica;CRI;2022;54;
Cote d'Ivoire;CIV;2022;37;
Croatia;HRV;2022;50;
Cuba;CUB;2022;45;
Cyprus;CYP;2022;52;
Czechia;CZE;2022;56;
Democratic Republic of Congo;COD;2022;20;
Denmark;DNK;2022;90;
Djibouti;DJI;2022;30;
Dominica;DMA;2022;55;
Dominican Republic;DOM;2022;32;
East Timor;TLS;2022;42;
Ecuador;ECU;2022;36;
Egypt;EGY;2022;30;
El Salvador;SLV;2022;33;
Equatorial Guinea;GNQ;2022;17;
Eritrea;ERI;2022;22;
Estonia;EST;2022;74;
Eswatini;SWZ;2022;30;
Ethiopia;ETH;2022;38;
Fiji;FJI;2022;53;
Finland;FIN;2022;87;
France;FRA;2022;72;
Gabon;GAB;2022;29;
Gambia;GMB;2022;34;
Georgia;GEO;2022;56;
Germany;DEU;2022;79;
Ghana;GHA;2022;43;
Greece;GRC;2022;52;
Grenada;GRD;2022;52;
Guatemala;GTM;2022;24;
Guinea;GIN;2022;25;
Guinea-Bissau;GNB;2022;21;
Guyana;GUY;2022;40;
Haiti;HTI;2022;17;
Honduras;HND;2022;23;
Hong Kong;HKG;2022;76;
Hungary;HUN;2022;42;
Iceland;ISL;2022;74;
India;IND;2022;40;
Indonesia;IDN;2022;34;
Iran;IRN;2022;25;
Iraq;IRQ;2022;23;
Ireland;IRL;2022;77;
Israel;ISR;2022;63;
Italy;ITA;2022;56;
Jamaica;JAM;2022;44;
Japan;JPN;2022;73;
Jordan;JOR;2022;47;
Kazakhstan;KAZ;2022;36;
Kenya;KEN;2022;32;
Kosovo;OWID_KOS;2022;41;
Kuwait;KWT;2022;42;
Kyrgyzstan;KGZ;2022;27;
Laos;LAO;2022;31;
Latvia;LVA;2022;59;
Lebanon;LBN;2022;24;
Lesotho;LSO;2022;37;
Liberia;LBR;2022;26;
Libya;LBY;2022;17;
Lithuania;LTU;2022;62;
Luxembourg;LUX;2022;77;
Madagascar;MDG;2022;26;
Malawi;MWI;2022;34;
Malaysia;MYS;2022;47;
Maldives;MDV;2022;40;
Mali;MLI;2022;28;
Malta;MLT;2022;51;
Mauritania;MRT;2022;30;
Mauritius;MUS;2022;50;
Mexico;MEX;2022;31;
Moldova;MDA;2022;39;
Mongolia;MNG;2022;33;
Montenegro;MNE;2022;45;
Morocco;MAR;2022;38;
Mozambique;MOZ;2022;26;
Myanmar;MMR;2022;23;
Namibia;NAM;2022;49;
Nepal;NPL;2022;34;
Netherlands;NLD;2022;80;
New Zealand;NZL;2022;87;
Nicaragua;NIC;2022;19;
Niger;NER;2022;32;
Nigeria;NGA;2022;24;
North Korea;PRK;2022;17;
North Macedonia;MKD;2022;40;
Norway;NOR;2022;84;
Oman;OMN;2022;44;
Pakistan;PAK;2022;27;
Panama;PAN;2022;36;
Papua New Guinea;PNG;2022;30;
Paraguay;PRY;2022;28;
Peru;PER;2022;36;
Philippines;PHL;2022;33;
Poland;POL;2022;55;
Portugal;PRT;2022;62;
Qatar;QAT;2022;58;
Romania;ROU;2022;46;
Russia;RUS;2022;28;
Rwanda;RWA;2022;51;
Saint Lucia;LCA;2022;55;
Saint Vincent and the Grenadines;VCT;2022;60;
Sao Tome and Principe;STP;2022;45;
Saudi Arabia;SAU;2022;51;
Senegal;SEN;2022;43;
Serbia;SRB;2022;36;
Seychelles;SYC;2022;70;
Sierra Leone;SLE;2022;34;
Singapore;SGP;2022;83;
Slovakia;SVK;2022;53;
Slovenia;SVN;2022;56;
Solomon Islands;SLB;2022;42;
Somalia;SOM;2022;12;
South Africa;ZAF;2022;43;
South Korea;KOR;2022;63;
South Sudan;SSD;2022;13;
Spain;ESP;2022;60;
Sri Lanka;LKA;2022;36;
Sudan;SDN;2022;22;
Suriname;SUR;2022;40;
Sweden;SWE;2022;83;
Switzerland;CHE;2022;82;
Syria;SYR;2022;13;
Taiwan;TWN;2022;68;
Tajikistan;TJK;2022;24;
Tanzania;TZA;2022;38;
Thailand;THA;2022;36;
Togo;TGO;2022;30;
Trinidad and Tobago;TTO;2022;42;
Tunisia;TUN;2022;40;
Turkey;TUR;2022;36;
Turkmenistan;TKM;2022;19;
Uganda;UGA;2022;26;
Ukraine;UKR;2022;33;
United Arab Emirates;ARE;2022;67;
United Kingdom;GBR;2022;73;
United States;USA;2022;69;
Uruguay;URY;2022;74;
Uzbekistan;UZB;2022;31;
Vanuatu;VUT;2022;48;
Venezuela;VEN;2022;14;
Vietnam;VNM;2022;42;
Yemen;YEM;2022;16;
Zambia;ZMB;2022;33;
Zimbabwe;ZWE;2022;23;
